NamaPembeli,Kelamin,Menikah,Tanggungan,Pendidikan,Pekerjaan,PendapatanUtama,PemasukanTambahan,JenisProperti,NUP,BookingFee,BiayaRumahTanah,UangMuka,PeriodeCicilan,RiwayatPinjaman,PersetujuanPembelian
Pembeli 001,L,0,0,4,3,2,1,Rumah,1,1,227000000,62000000,18,1,1
Pembeli 002,L,1,4,1,5,1,0,Tanah,0,1,125000000,26000000,18,0,1
Pembeli 003,L,1,2,3,4,2,2,Rumah,0,1,242000000,92000000,18,3,0
Pembeli 004,L,1,1,4,2,3,2,Rumah,0,1,192000000,62000000,18,0,1
Pembeli 005,L,0,0,2,5,1,0,Rumah,1,1,250000000,74000000,18,0,1
Pembeli 006,L,1,2,3,1,5,4,Rumah,0,1,216000000,70000000,18,1,1
Pembeli 007,L,1,1,5,4,3,1,Rumah,1,1,198000000,61000000,18,3,0
Pembeli 008,L,1,4,4,4,3,1,Tanah,0,1,139000000,36000000,18,2,1
Pembeli 009,L,1,3,4,1,6,2,Rumah,0,1,233000000,85000000,18,0,1
Pembeli 010,L,1,1,5,1,3,2,Tanah,1,1,115000000,30000000,18,2,1
Pembeli 011,L,1,3,4,1,6,2,Rumah,0,1,223000000,79000000,18,0,1
Pembeli 012,L,1,3,3,3,2,2,Rumah,1,1,211000000,82000000,18,1,1
Pembeli 013,L,1,2,5,1,6,2,Rumah,1,1,223000000,62000000,18,2,1
Pembeli 014,L,0,0,3,4,2,2,Tanah,0,1,118000000,21000000,18,3,1
Pembeli 015,L,1,2,4,4,3,2,Rumah,0,1,241000000,88000000,12,2,1
Pembeli 016,L,0,0,3,4,2,2,Rumah,1,1,237000000,68000000,18,3,0
Pembeli 017,L,0,0,4,1,3,3,Rumah,0,1,242000000,81000000,12,3,1
Pembeli 018,P,0,0,2,5,1,0,Rumah,1,1,220000000,61000000,18,3,0
Pembeli 019,L,1,3,3,2,4,2,Tanah,0,1,149000000,42000000,18,2,1
Pembeli 020,L,1,3,5,1,5,3,Rumah,0,1,227000000,72000000,18,2,1
Pembeli 021,L,1,1,2,1,6,2,Rumah,1,1,194000000,94000000,18,3,1
Pembeli 022,L,1,1,4,2,2,2,Rumah,1,1,237000000,84000000,18,0,0
Pembeli 023,L,1,2,2,1,3,2,Tanah,0,1,110000000,26000000,18,1,1
Pembeli 024,P,1,4,5,1,5,4,Tanah,1,1,143000000,37000000,18,2,1
Pembeli 025,L,1,4,2,5,1,0,Tanah,0,1,122000000,20000000,18,1,0
Pembeli 026,L,1,4,3,3,4,2,Tanah,1,1,105000000,29000000,18,0,1
Pembeli 027,L,1,2,1,5,1,0,Tanah,1,1,130000000,23000000,18,3,0
Pembeli 028,L,1,1,4,3,3,1,Rumah,0,1,241000000,59000000,18,1,0
Pembeli 029,L,0,0,3,2,3,1,Rumah,1,1,188000000,61000000,18,1,1
Pembeli 030,P,0,0,5,1,6,2,Tanah,1,1,110000000,23000000,18,0,1
Pembeli 031,L,1,3,3,1,3,2,Rumah,0,1,208000000,97000000,18,0,1
Pembeli 032,L,0,0,2,5,1,0,Rumah,0,1,203000000,80000000,18,3,0
Pembeli 033,L,0,0,5,1,3,2,Tanah,0,1,149000000,13000000,18,3,0
Pembeli 034,L,1,4,4,1,5,2,Tanah,1,1,125000000,24000000,18,2,1
Pembeli 035,L,0,0,2,1,4,2,Tanah,1,1,115000000,10000000,18,1,1
Pembeli 036,L,1,4,4,4,2,1,Rumah,0,1,212000000,53000000,18,2,0
Pembeli 037,L,1,1,4,2,3,2,Rumah,0,1,221000000,93000000,18,3,0
Pembeli 038,P,1,3,2,1,6,2,Tanah,1,1,127000000,21000000,18,2,1
Pembeli 039,L,0,0,5,2,3,1,Rumah,0,1,249000000,62000000,18,0,1
Pembeli 040,L,0,0,3,3,3,1,Tanah,1,1,138000000,12000000,18,2,0
Pembeli 041,L,0,0,3,2,3,2,Rumah,0,1,222000000,78000000,18,2,1
Pembeli 042,L,0,0,3,3,2,2,Rumah,1,1,193000000,71000000,18,2,1
Pembeli 043,L,1,1,3,4,2,2,Rumah,0,1,211000000,99000000,18,2,0
Pembeli 044,L,1,4,1,5,1,0,Tanah,0,1,111000000,44000000,18,0,0
Pembeli 045,L,1,4,5,2,2,3,Rumah,1,1,249000000,61000000,18,1,1
Pembeli 046,P,0,0,3,1,5,2,Rumah,0,1,183000000,95000000,18,2,1
Pembeli 047,L,1,2,4,3,3,2,Rumah,1,1,247000000,61000000,18,0,1
Pembeli 048,L,1,3,3,3,2,1,Rumah,0,1,180000000,81000000,18,2,0
Pembeli 049,P,1,1,4,1,6,2,Rumah,1,1,232000000,81000000,18,1,1
Pembeli 050,P,0,0,2,5,1,0,Tanah,0,1,100000000,11000000,18,2,0
Pembeli 051,P,1,2,5,2,4,2,Tanah,0,1,124000000,11000000,18,0,1
Pembeli 052,P,0,0,3,1,5,4,Tanah,1,1,113000000,18000000,18,1,1
Pembeli 053,P,0,0,3,3,3,3,Tanah,0,1,114000000,43000000,18,3,1
Pembeli 054,L,1,4,3,4,2,1,Rumah,1,1,207000000,59000000,18,1,1
Pembeli 055,P,1,4,2,5,1,0,Rumah,1,1,180000000,75000000,18,3,0
Pembeli 056,L,1,1,2,5,1,0,Tanah,1,1,138000000,47000000,18,3,0
Pembeli 057,L,1,4,3,3,4,2,Tanah,0,1,115000000,47000000,18,3,0
Pembeli 058,L,1,1,4,3,2,3,Tanah,1,1,105000000,25000000,18,1,1
Pembeli 059,L,1,4,4,3,4,2,Rumah,1,1,198000000,92000000,18,1,1
Pembeli 060,L,1,3,2,5,1,0,Rumah,1,1,189000000,57000000,18,0,0
Pembeli 061,L,1,3,3,1,5,2,Rumah,0,1,201000000,84000000,18,2,1
Pembeli 062,L,1,1,3,1,4,2,Rumah,0,1,221000000,75000000,18,2,0
Pembeli 063,L,1,4,5,2,2,2,Tanah,0,1,147000000,42000000,12,1,1
Pembeli 064,L,1,4,3,4,2,1,Tanah,1,1,118000000,26000000,18,3,1
Pembeli 065,P,0,0,2,5,1,0,Tanah,0,1,106000000,43000000,18,2,0
Pembeli 066,L,1,4,2,1,6,3,Tanah,1,1,110000000,11000000,18,0,1
Pembeli 067,L,0,0,5,2,2,2,Rumah,0,1,184000000,58000000,12,0,1
Pembeli 068,L,1,1,3,2,4,3,Rumah,0,1,204000000,55000000,18,2,1
Pembeli 069,L,1,4,4,3,3,1,Rumah,0,1,186000000,70000000,24,2,1
Pembeli 070,P,0,0,3,1,4,3,Tanah,0,1,146000000,50000000,18,1,1
Pembeli 071,L,1,1,4,1,5,3,Rumah,0,1,235000000,72000000,18,0,1
Pembeli 072,L,1,2,3,3,2,3,Tanah,1,1,124000000,45000000,18,2,1
Pembeli 073,L,0,0,4,4,2,2,Tanah,1,1,107000000,50000000,18,1,1
Pembeli 074,L,1,1,4,2,2,2,Tanah,0,1,136000000,32000000,12,2,0
Pembeli 075,L,1,2,3,2,3,1,Tanah,0,1,104000000,47000000,18,3,0
Pembeli 076,L,0,0,5,4,2,2,Rumah,1,1,186000000,70000000,24,0,1
Pembeli 077,L,0,0,3,2,2,2,Rumah,0,1,234000000,83000000,18,0,1
Pembeli 078,L,1,1,2,1,4,2,Rumah,1,1,188000000,93000000,18,2,1
Pembeli 079,L,1,2,2,5,1,0,Tanah,0,1,130000000,33000000,18,1,0
Pembeli 080,L,1,4,1,5,1,0,Tanah,0,1,127000000,23000000,18,2,0
Pembeli 081,P,0,0,2,5,1,0,Tanah,0,1,128000000,12000000,18,0,0
Pembeli 082,L,1,4,5,2,4,2,Tanah,1,1,146000000,39000000,18,1,1
Pembeli 083,P,1,2,3,4,3,1,Rumah,0,1,192000000,75000000,18,3,0
Pembeli 084,L,1,2,1,5,1,0,Tanah,0,1,146000000,13000000,18,3,0
Pembeli 085,L,1,3,1,5,1,0,Rumah,0,1,209000000,67000000,12,2,0
Pembeli 086,L,0,0,2,5,1,0,Tanah,1,1,126000000,17000000,18,1,1
Pembeli 087,L,1,4,2,5,1,0,Tanah,1,1,117000000,19000000,18,2,0
Pembeli 088,L,1,4,1,5,1,0,Tanah,0,1,127000000,40000000,18,2,0
Pembeli 089,L,0,0,3,2,4,1,Rumah,1,1,250000000,59000000,18,1,1
Pembeli 090,L,1,2,4,2,2,3,Tanah,1,1,117000000,48000000,18,3,0
Pembeli 091,L,1,1,2,5,1,0,Tanah,1,1,100000000,43000000,18,2,0
Pembeli 092,L,1,3,1,5,1,0,Tanah,1,1,115000000,17000000,12,0,0
Pembeli 093,L,1,1,5,2,2,2,Rumah,1,1,187000000,70000000,18,3,0
Pembeli 094,L,0,0,3,3,4,2,Tanah,0,1,110000000,36000000,18,0,1
Pembeli 095,L,0,0,3,3,2,3,Tanah,1,1,129000000,14000000,12,2,1
Pembeli 096,L,0,0,5,4,3,1,Rumah,0,1,181000000,76000000,18,3,0
Pembeli 097,P,1,4,3,3,4,2,Tanah,1,1,127000000,17000000,18,0,1
Pembeli 098,L,1,1,4,4,2,2,Tanah,1,1,106000000,14000000,24,1,1
Pembeli 099,L,1,2,4,1,6,2,Tanah,0,1,142000000,10000000,12,0,1
Pembeli 100,L,1,2,3,3,2,3,Tanah,1,1,149000000,10000000,18,3,0
Pembeli 101,L,1,1,3,3,4,3,Rumah,0,1,247000000,84000000,12,0,1
Pembeli 102,L,0,0,5,4,3,2,Tanah,1,1,104000000,37000000,18,0,1
Pembeli 103,L,1,1,4,1,3,2,Rumah,0,1,199000000,86000000,18,2,1
Pembeli 104,L,1,4,4,3,4,1,Tanah,1,1,103000000,37000000,18,2,1
Pembeli 105,L,0,0,4,3,3,3,Rumah,1,1,249000000,63000000,18,0,0
Pembeli 106,L,1,3,1,5,1,0,Rumah,1,1,248000000,58000000,18,2,0
Pembeli 107,L,1,4,5,2,2,1,Rumah,0,1,218000000,69000000,18,2,0
Pembeli 108,L,0,0,1,5,1,0,Tanah,1,1,147000000,49000000,18,0,0
Pembeli 109,L,1,2,2,5,1,0,Rumah,1,1,231000000,66000000,18,0,0
Pembeli 110,L,1,3,4,1,4,2,Tanah,0,1,141000000,42000000,24,3,1
Pembeli 111,L,0,0,3,2,3,1,Rumah,1,1,189000000,64000000,18,1,1
Pembeli 112,P,1,2,1,5,1,0,Tanah,0,1,132000000,16000000,18,1,0
Pembeli 113,L,1,2,1,5,1,0,Tanah,1,1,139000000,26000000,12,2,0
Pembeli 114,P,0,0,4,4,3,1,Tanah,0,1,135000000,43000000,18,2,1
Pembeli 115,L,0,0,4,3,2,1,Tanah,0,1,142000000,35000000,18,3,0
Pembeli 116,L,1,2,2,5,1,0,Tanah,1,1,133000000,11000000,12,1,0
Pembeli 117,P,1,4,2,1,6,2,Tanah,1,1,135000000,43000000,18,1,1
Pembeli 118,L,1,3,3,3,2,2,Rumah,1,1,217000000,51000000,18,1,0
Pembeli 119,L,1,4,1,5,1,0,Tanah,0,1,147000000,44000000,18,0,1
Pembeli 120,P,0,0,5,1,4,4,Rumah,1,1,229000000,85000000,18,3,0
Pembeli 121,L,1,,4,3,4,1,Tanah,0,1,122000000,14000000,18,1,1
Pembeli 122,P,0,0,1,5,1,0,Tanah,1,1,103000000,17000000,18,3,0
Pembeli 123,P,0,0,5,4,2,1,Tanah,1,1,128000000,11000000,18,1,1
Pembeli 124,L,1,2,2,5,1,0,Tanah,1,1,112000000,49000000,18,3,0
Pembeli 125,L,1,0,3,2,3,1,Tanah,1,1,130000000,19000000,18,2,1
Pembeli 126,P,0,0,5,1,4,3,Tanah,0,1,149000000,44000000,18,3,1
Pembeli 127,,1,4,3,4,2,1,Tanah,0,1,132000000,46000000,18,0,0
Pembeli 128,L,0,0,4,3,4,2,Tanah,1,1,148000000,23000000,18,2,1
Pembeli 129,L,1,1,4,3,3,1,Rumah,0,1,215000000,94000000,12,0,1
Pembeli 130,L,1,0,3,3,4,3,Tanah,0,1,146000000,41000000,18,2,1
Pembeli 131,L,0,0,3,2,4,1,Rumah,1,1,217000000,64000000,24,1,1
Pembeli 132,L,0,0,5,2,4,3,Rumah,0,1,244000000,91000000,18,2,1
Pembeli 133,L,0,0,3,3,4,1,Tanah,0,1,133000000,45000000,18,2,1
Pembeli 134,L,1,0,4,3,4,2,Tanah,0,1,145000000,46000000,12,3,1
Pembeli 135,L,0,0,5,1,4,3,Tanah,0,1,149000000,42000000,18,2,1
Pembeli 136,L,1,4,1,5,1,0,Tanah,1,1,104000000,14000000,18,1,0
Pembeli 137,P,1,0,4,3,2,1,Tanah,1,1,109000000,46000000,18,1,1
Pembeli 138,L,1,2,3,1,5,4,Rumah,1,1,229000000,74000000,18,0,1
Pembeli 139,L,0,0,5,4,2,1,Tanah,0,1,126000000,47000000,18,0,0
Pembeli 140,L,1,2,4,3,4,1,Tanah,0,1,122000000,13000000,18,1,1
Pembeli 141,L,1,2,4,1,4,3,Tanah,1,1,119000000,48000000,18,0,1
Pembeli 142,L,0,0,1,5,1,0,Rumah,1,1,250000000,80000000,18,3,0
Pembeli 143,L,0,0,4,3,4,2,Tanah,0,1,102000000,12000000,12,3,1
Pembeli 144,L,1,0,4,2,3,3,Tanah,0,1,141000000,10000000,18,0,1
Pembeli 145,L,1,2,4,2,2,2,Rumah,0,1,204000000,80000000,12,1,0
Pembeli 146,P,1,0,5,4,3,1,Tanah,0,1,128000000,35000000,18,3,1
Pembeli 147,P,1,2,3,3,2,1,Rumah,0,1,184000000,97000000,18,2,1
Pembeli 148,L,1,1,4,4,2,1,Rumah,1,1,234000000,56000000,18,1,0
Pembeli 149,P,0,0,3,2,3,3,Tanah,0,1,133000000,46000000,18,0,1
Pembeli 150,L,1,0,2,5,1,0,Tanah,0,1,127000000,17000000,18,2,0
Pembeli 151,L,0,0,3,1,6,4,Tanah,1,1,105000000,38000000,18,0,1
Pembeli 152,L,1,0,4,1,5,4,Tanah,1,1,106000000,50000000,18,1,1
Pembeli 153,L,0,0,3,4,3,1,Rumah,1,1,222000000,55000000,18,3,1
Pembeli 154,L,1,2,3,3,3,2,Tanah,1,1,100000000,44000000,18,0,1
Pembeli 155,L,0,0,2,1,6,3,Rumah,0,1,205000000,91000000,18,1,1
Pembeli 156,L,1,4,4,3,2,3,Tanah,1,1,106000000,15000000,12,2,1
Pembeli 157,L,1,1,3,3,4,2,Tanah,1,1,142000000,12000000,18,0,1
Pembeli 158,L,1,1,5,4,3,1,Rumah,0,1,184000000,96000000,18,2,1
Pembeli 159,L,0,0,3,2,2,3,Tanah,0,1,124000000,37000000,18,2,0
Pembeli 160,L,1,0,4,3,4,1,Tanah,1,1,128000000,28000000,18,3,1
Pembeli 161,L,1,0,5,1,5,3,Tanah,0,1,115000000,40000000,18,3,1
Pembeli 162,L,1,0,4,3,4,3,Rumah,1,1,241000000,72000000,18,2,1
Pembeli 163,L,1,1,1,5,1,0,Tanah,1,1,122000000,42000000,18,3,0
Pembeli 164,L,1,2,2,5,1,0,Tanah,1,1,149000000,10000000,18,1,0
Pembeli 165,L,1,0,1,5,1,0,Rumah,1,1,195000000,62000000,12,0,0
Pembeli 166,L,1,0,2,1,4,2,Tanah,0,1,138000000,30000000,12,2,1
Pembeli 167,P,1,0,2,5,1,0,Tanah,0,1,117000000,47000000,18,1,0
Pembeli 168,L,1,0,2,5,1,0,Tanah,0,1,131000000,41000000,18,0,0
Pembeli 169,L,0,0,4,1,6,2,Tanah,1,1,108000000,14000000,24,2,1
Pembeli 170,L,1,2,3,3,4,2,Tanah,0,1,112000000,43000000,18,1,1
Pembeli 171,L,1,0,3,4,2,2,Tanah,0,1,119000000,39000000,18,1,1
Pembeli 172,,1,4,3,4,3,1,Rumah,0,1,213000000,51000000,18,1,1
Pembeli 173,L,1,4,5,2,4,3,Tanah,1,1,115000000,26000000,12,2,1
Pembeli 174,L,1,0,4,1,6,4,Tanah,0,1,132000000,47000000,18,3,1
Pembeli 175,L,1,0,3,4,3,1,Tanah,1,1,139000000,30000000,18,2,1
Pembeli 176,L,1,0,3,3,4,1,Tanah,1,1,107000000,38000000,18,3,1
Pembeli 177,L,1,2,3,1,4,2,Tanah,0,1,120000000,30000000,18,3,1
Pembeli 178,L,1,4,4,4,3,2,Tanah,0,1,137000000,40000000,18,3,1
Pembeli 179,L,1,1,4,2,3,2,Tanah,0,1,105000000,19000000,18,0,1
Pembeli 180,L,0,0,2,1,4,4,Rumah,1,1,190000000,50000000,24,0,1
Pembeli 181,L,1,1,3,1,6,4,Rumah,0,1,198000000,99000000,18,3,1
Pembeli 182,L,0,0,4,2,4,1,Tanah,0,1,123000000,19000000,18,3,1
Pembeli 183,L,1,0,1,5,1,0,Tanah,1,1,116000000,13000000,12,3,0
Pembeli 184,L,1,1,2,1,3,4,Tanah,1,1,133000000,38000000,18,0,1
Pembeli 185,P,1,0,1,5,1,0,Tanah,1,1,143000000,32000000,18,2,0
Pembeli 186,L,1,0,1,5,1,0,Tanah,1,1,148000000,39000000,18,3,0
Pembeli 187,L,1,1,4,2,3,1,Tanah,0,1,108000000,24000000,18,3,1
Pembeli 188,L,1,0,3,1,6,3,Tanah,1,1,110000000,23000000,18,2,1
Pembeli 189,,1,0,4,4,3,2,Tanah,0,1,136000000,19000000,18,3,1
Pembeli 190,L,1,0,3,4,3,2,Tanah,1,1,102000000,13000000,12,1,1
Pembeli 191,L,0,0,5,4,2,2,Tanah,1,1,106000000,25000000,18,2,1
Pembeli 192,L,0,0,4,4,2,1,Tanah,1,1,150000000,30000000,18,2,1
Pembeli 193,L,1,1,4,2,2,2,Rumah,0,1,209000000,64000000,18,1,1
Pembeli 194,L,0,0,5,4,3,1,Tanah,1,1,150000000,41000000,18,0,1
Pembeli 195,L,0,0,4,1,4,4,Tanah,0,1,125000000,49000000,18,3,1
Pembeli 196,L,1,1,5,1,3,3,Tanah,0,1,117000000,18000000,18,0,1
Pembeli 197,L,0,0,2,1,3,2,Tanah,1,1,145000000,29000000,18,3,1
Pembeli 198,P,0,0,2,5,1,0,Rumah,0,1,206000000,96000000,12,0,0
Pembeli 199,P,1,1,5,1,4,3,Tanah,0,1,105000000,36000000,18,1,1
Pembeli 200,L,0,0,2,5,1,0,Rumah,1,1,214000000,73000000,18,3,0
Pembeli 201,L,1,1,1,5,1,0,Tanah,0,1,139000000,22000000,18,1,0
Pembeli 202,L,0,2,2,5,1,0,Tanah,0,1,138000000,17000000,18,3,0
Pembeli 203,L,1,4,1,5,1,0,Rumah,1,1,197000000,59000000,12,2,0
Pembeli 204,L,1,1,2,5,1,0,Rumah,1,1,196000000,89000000,18,2,0
Pembeli 205,L,1,2,3,3,3,3,Tanah,1,1,126000000,27000000,18,1,1
Pembeli 206,P,0,0,3,3,4,3,Tanah,1,1,142000000,50000000,18,2,1
Pembeli 207,P,0,0,4,2,3,2,Rumah,0,1,236000000,57000000,18,1,1
Pembeli 208,L,0,0,5,4,3,1,Tanah,0,1,141000000,32000000,18,1,1
Pembeli 209,L,0,0,4,3,3,1,Rumah,1,1,191000000,73000000,18,1,1
Pembeli 210,L,0,0,2,1,3,2,Tanah,0,1,150000000,22000000,18,2,1
Pembeli 211,P,0,0,4,4,3,1,Tanah,1,1,140000000,14000000,18,1,0
Pembeli 212,L,1,4,3,3,4,2,Tanah,1,1,105000000,23000000,18,2,0
Pembeli 213,L,1,1,3,3,4,3,Rumah,1,1,195000000,93000000,18,2,1
Pembeli 214,L,1,4,5,2,3,2,Tanah,0,1,111000000,20000000,18,1,1
Pembeli 215,L,1,1,1,5,1,0,Rumah,1,1,188000000,62000000,18,2,0
Pembeli 216,L,1,4,3,2,4,2,Tanah,0,1,150000000,49000000,18,3,0
Pembeli 217,L,1,1,4,4,2,2,Tanah,0,1,140000000,23000000,18,0,1
Pembeli 218,L,1,1,3,1,5,2,Tanah,0,1,125000000,26000000,18,2,1
Pembeli 219,L,1,2,5,1,3,3,Tanah,0,1,141000000,26000000,18,3,0
Pembeli 220,P,1,2,4,2,2,1,Tanah,1,1,147000000,18000000,18,3,1
Pembeli 221,L,1,1,5,4,2,1,Rumah,0,1,188000000,67000000,18,0,0
Pembeli 222,L,1,2,4,3,3,1,Tanah,0,1,125000000,45000000,18,0,1
Pembeli 223,L,0,0,4,2,2,2,Tanah,1,1,143000000,31000000,18,1,1
Pembeli 224,L,1,0,3,4,2,1,Tanah,0,1,110000000,46000000,18,1,1
Pembeli 225,L,1,0,5,1,3,3,Tanah,0,1,102000000,27000000,18,1,1
Pembeli 226,L,1,0,2,5,1,0,Tanah,1,1,103000000,38000000,18,2,0
Pembeli 227,L,1,1,4,1,3,2,Rumah,1,1,246000000,67000000,18,0,1
Pembeli 228,L,1,2,3,1,4,3,Tanah,1,1,148000000,33000000,18,2,1
Pembeli 229,L,0,0,4,3,3,1,Tanah,1,1,101000000,37000000,24,3,0
Pembeli 230,L,0,0,2,5,1,0,Tanah,0,1,124000000,30000000,12,1,0
Pembeli 231,L,1,1,1,5,1,0,Tanah,0,1,131000000,21000000,12,0,0
Pembeli 232,L,1,0,3,3,3,3,Tanah,0,1,139000000,39000000,24,3,1
Pembeli 233,L,0,0,2,5,1,0,Tanah,1,1,128000000,47000000,12,3,0
Pembeli 234,P,0,0,4,1,5,3,Tanah,1,1,134000000,46000000,18,0,1
Pembeli 235,L,1,1,5,4,2,1,Tanah,0,1,119000000,34000000,18,2,1
Pembeli 236,L,1,1,2,5,1,0,Tanah,1,1,108000000,20000000,18,3,0
Pembeli 237,L,1,0,3,2,2,1,Rumah,0,1,203000000,73000000,18,1,1
Pembeli 238,P,0,0,4,3,3,1,Rumah,0,1,238000000,84000000,18,2,1
Pembeli 239,P,0,1,3,1,5,2,Tanah,1,1,146000000,42000000,18,1,1
Pembeli 240,L,1,1,4,4,2,1,Tanah,1,1,100000000,35000000,18,1,1
Pembeli 241,L,1,2,5,4,2,2,Tanah,1,1,101000000,20000000,12,2,0
Pembeli 242,L,1,1,4,4,2,1,Rumah,0,1,212000000,62000000,12,0,1
Pembeli 243,L,0,0,4,3,2,2,Rumah,0,1,231000000,93000000,24,2,1
Pembeli 244,L,1,2,1,5,1,0,Tanah,0,1,118000000,34000000,18,2,0
Pembeli 245,L,1,0,5,1,4,3,Tanah,1,1,128000000,35000000,18,1,1
Pembeli 246,L,0,0,3,3,4,1,Rumah,0,1,186000000,69000000,12,3,0
Pembeli 247,L,1,2,3,3,4,1,Rumah,0,1,193000000,87000000,18,1,1
Pembeli 248,L,1,1,5,1,4,2,Rumah,0,1,237000000,89000000,12,2,1
Pembeli 249,L,1,1,3,3,3,1,Tanah,0,1,107000000,48000000,24,1,1
Pembeli 250,L,1,0,4,1,5,3,Rumah,0,1,204000000,100000000,18,0,1
Pembeli 251,L,1,0,1,5,1,0,Tanah,0,1,112000000,12000000,18,2,0
Pembeli 252,P,0,2,4,3,2,2,Rumah,0,1,189000000,90000000,18,1,0
Pembeli 253,L,0,0,2,5,1,0,Tanah,0,1,112000000,15000000,18,0,0
Pembeli 254,L,1,1,4,2,3,2,Tanah,1,1,134000000,18000000,12,2,1
Pembeli 255,L,0,0,3,3,4,3,Rumah,1,1,189000000,75000000,18,2,1
Pembeli 256,P,0,4,2,5,1,0,Tanah,0,1,130000000,12000000,18,3,0
Pembeli 257,L,0,0,5,4,2,1,Tanah,0,1,146000000,32000000,18,1,0
Pembeli 258,L,1,4,1,5,1,0,Rumah,0,1,184000000,99000000,18,1,0
Pembeli 259,L,1,0,4,1,3,3,Tanah,1,1,105000000,35000000,18,1,0
Pembeli 260,L,1,4,4,4,2,2,Tanah,1,1,103000000,10000000,18,1,0
Pembeli 261,L,1,1,2,5,1,0,Rumah,1,1,197000000,62000000,18,0,0
Pembeli 262,L,0,0,2,1,3,3,Tanah,0,1,142000000,25000000,18,3,1
Pembeli 263,P,0,1,3,2,4,1,Tanah,0,1,139000000,10000000,18,2,0
Pembeli 264,P,0,0,4,3,3,1,Tanah,0,1,132000000,24000000,18,0,0
Pembeli 265,L,0,0,4,4,3,2,Tanah,0,1,122000000,30000000,18,0,0
Pembeli 266,L,0,0,4,3,3,2,Tanah,1,1,121000000,36000000,18,3,0
Pembeli 267,L,1,2,5,4,2,1,Tanah,1,1,150000000,12000000,18,1,0
Pembeli 268,L,1,4,4,3,2,1,Rumah,0,1,230000000,93000000,18,3,0
Pembeli 269,P,0,0,5,2,2,1,Tanah,0,1,110000000,38000000,18,1,0
Pembeli 270,P,0,1,3,1,6,2,Rumah,0,1,206000000,81000000,18,2,1
Pembeli 271,P,0,0,2,5,1,0,Rumah,1,1,242000000,91000000,18,2,0
Pembeli 272,L,1,0,4,4,2,2,Rumah,0,1,246000000,94000000,18,3,0
Pembeli 273,L,0,0,2,5,1,0,Tanah,1,1,102000000,15000000,18,3,0
Pembeli 274,L,1,0,5,4,3,1,Tanah,0,1,132000000,41000000,18,2,1
Pembeli 275,L,1,2,3,4,2,2,Tanah,1,1,139000000,22000000,18,1,0
Pembeli 276,L,1,1,1,5,1,0,Tanah,0,1,108000000,22000000,18,1,0
Pembeli 277,L,1,0,4,3,4,3,Tanah,0,1,121000000,43000000,18,3,1
Pembeli 278,L,1,0,5,4,2,2,Rumah,1,1,212000000,84000000,18,1,0
Pembeli 279,L,1,0,2,5,1,0,Tanah,0,1,141000000,47000000,18,1,0
Pembeli 280,P,1,0,2,5,1,0,Tanah,0,1,109000000,37000000,18,0,0
Pembeli 281,L,0,1,1,5,1,0,Rumah,1,1,249000000,78000000,18,2,0
Pembeli 282,L,1,0,2,5,1,0,Tanah,1,1,120000000,22000000,18,1,0
Pembeli 283,L,1,2,4,1,5,4,Rumah,1,1,238000000,89000000,12,3,1
Pembeli 284,P,0,0,5,1,6,2,Rumah,0,1,228000000,63000000,18,0,1
Pembeli 285,L,1,0,1,5,1,0,Tanah,1,1,110000000,44000000,18,1,0
Pembeli 286,L,0,0,3,3,3,1,Tanah,1,1,127000000,46000000,18,1,1
Pembeli 287,P,0,0,4,3,2,2,Tanah,1,1,145000000,15000000,18,0,0
Pembeli 288,L,1,0,2,5,1,0,Tanah,0,1,127000000,44000000,18,0,0
Pembeli 289,P,0,0,1,5,1,0,Tanah,0,1,113000000,39000000,18,0,0
Pembeli 290,L,0,0,1,5,1,0,Tanah,0,1,142000000,41000000,18,3,0
Pembeli 291,L,1,0,4,4,3,1,Tanah,1,1,132000000,36000000,18,0,1
Pembeli 292,L,1,2,2,1,6,2,Tanah,0,1,108000000,16000000,18,3,1
Pembeli 293,L,1,2,3,3,2,2,Rumah,1,1,247000000,63000000,18,1,0
Pembeli 294,P,0,,5,2,3,2,Rumah,0,1,225000000,65000000,24,1,1
Pembeli 295,L,1,0,4,1,5,3,Tanah,0,1,145000000,43000000,18,1,1
Pembeli 296,L,1,4,3,4,2,2,Rumah,0,1,196000000,83000000,18,2,0
Pembeli 297,L,1,1,4,2,2,3,Tanah,0,1,125000000,50000000,18,3,0
Pembeli 298,P,1,1,3,3,4,3,Rumah,1,1,207000000,87000000,18,1,1
Pembeli 299,P,0,0,4,3,4,1,Tanah,0,1,149000000,43000000,24,2,1
Pembeli 300,L,1,1,3,4,3,1,Rumah,0,1,219000000,56000000,18,0,1
Pembeli 301,L,1,0,5,2,2,1,Rumah,1,1,191000000,73000000,18,3,0
Pembeli 302,L,1,,3,4,2,1,Tanah,0,1,123000000,45000000,18,1,0
Pembeli 303,P,0,0,4,3,3,2,Tanah,1,1,106000000,12000000,18,3,1
Pembeli 304,L,1,1,4,2,2,2,Rumah,0,1,193000000,84000000,18,1,0
Pembeli 305,L,0,0,4,3,2,2,Tanah,1,1,123000000,24000000,18,2,0
Pembeli 306,L,0,0,2,1,5,4,Rumah,0,1,228000000,61000000,18,1,1
Pembeli 307,P,0,0,5,1,5,3,Tanah,1,1,142000000,20000000,18,3,1
Pembeli 308,P,0,0,4,2,3,2,Rumah,0,1,247000000,56000000,18,1,1
Pembeli 309,L,0,0,4,3,2,2,Tanah,0,1,104000000,49000000,18,3,0
Pembeli 310,L,1,2,3,2,3,1,Tanah,1,1,136000000,14000000,18,0,1
Pembeli 311,P,0,0,4,2,4,3,Tanah,0,1,122000000,44000000,18,0,1
Pembeli 312,L,0,0,4,2,2,1,Tanah,1,1,111000000,47000000,18,3,0
Pembeli 313,P,0,0,1,5,1,0,Tanah,1,1,106000000,32000000,18,1,0
Pembeli 314,L,1,2,3,4,3,1,Tanah,0,1,129000000,18000000,12,0,1
Pembeli 315,,1,0,3,3,2,2,Tanah,0,1,141000000,44000000,18,3,0
Pembeli 316,L,1,1,5,1,3,2,Rumah,1,1,195000000,82000000,12,2,1
Pembeli 317,L,1,2,5,2,3,2,Tanah,0,1,148000000,33000000,18,1,1
Pembeli 318,L,1,0,1,5,1,0,Rumah,1,1,180000000,58000000,18,0,0
Pembeli 319,P,0,1,3,1,5,4,Tanah,0,1,146000000,41000000,18,1,1
Pembeli 320,L,1,1,1,5,1,0,Tanah,1,1,123000000,17000000,18,0,0
Pembeli 321,L,1,0,3,4,2,2,Tanah,1,1,107000000,17000000,18,0,0
Pembeli 322,L,1,4,2,5,1,0,Tanah,0,1,148000000,34000000,18,3,0
Pembeli 323,L,1,2,3,2,2,3,Tanah,1,1,133000000,49000000,18,2,0
Pembeli 324,P,0,0,2,1,4,4,Tanah,1,1,148000000,45000000,18,1,1
Pembeli 325,L,1,4,4,4,3,2,Tanah,1,1,146000000,49000000,18,1,1
Pembeli 326,L,1,1,2,1,6,4,Tanah,1,1,103000000,45000000,18,1,1
Pembeli 327,L,0,0,5,4,3,2,Tanah,0,1,101000000,22000000,18,3,1
Pembeli 328,L,1,0,5,4,3,1,Tanah,1,1,101000000,28000000,18,1,1
Pembeli 329,P,1,0,3,3,4,2,Rumah,1,1,183000000,68000000,18,2,1
Pembeli 330,P,0,0,4,4,3,1,Rumah,1,1,189000000,75000000,18,0,1
Pembeli 331,L,0,1,4,4,3,2,Rumah,0,1,191000000,77000000,18,1,1
Pembeli 332,L,0,0,4,2,4,3,Tanah,1,1,103000000,45000000,18,1,1
Pembeli 333,L,0,,5,1,5,2,Rumah,1,1,187000000,93000000,18,3,1
Pembeli 334,L,1,0,3,4,2,1,Rumah,0,1,185000000,80000000,12,1,0
Pembeli 335,,1,1,5,2,4,1,Rumah,1,1,245000000,89000000,12,0,1
Pembeli 336,L,1,,1,5,1,0,Tanah,0,1,113000000,38000000,12,3,0
Pembeli 337,L,1,1,3,3,2,1,Tanah,0,1,138000000,36000000,18,1,0
Pembeli 338,L,1,2,5,4,2,1,Tanah,1,1,146000000,15000000,18,0,0
Pembeli 339,P,0,4,4,3,3,1,Rumah,0,1,234000000,93000000,18,2,1
Pembeli 340,P,0,0,2,1,4,3,Tanah,0,1,145000000,33000000,18,2,1
Pembeli 341,L,1,4,4,3,4,1,Tanah,0,1,115000000,10000000,18,1,1
Pembeli 342,P,0,0,4,4,2,2,Tanah,0,1,124000000,11000000,18,2,0
Pembeli 343,L,1,1,2,1,4,2,Rumah,1,1,224000000,60000000,18,2,1
Pembeli 344,L,1,4,2,5,1,0,Tanah,0,1,146000000,40000000,18,2,0
Pembeli 345,L,1,2,2,1,4,4,Tanah,1,1,150000000,17000000,18,0,1
Pembeli 346,L,1,0,5,1,4,3,Tanah,0,1,125000000,17000000,18,2,1
Pembeli 347,L,1,,4,2,4,3,Tanah,1,1,111000000,43000000,18,2,1
Pembeli 348,L,1,2,1,5,1,0,Rumah,1,1,192000000,50000000,18,2,0
Pembeli 349,L,1,0,5,2,3,3,Tanah,1,1,116000000,14000000,18,0,1
Pembeli 350,L,1,0,3,1,3,3,Tanah,1,1,123000000,35000000,18,0,1
Pembeli 351,L,1,0,4,4,3,1,Tanah,1,1,125000000,14000000,18,1,1
Pembeli 352,L,0,0,2,5,1,0,Tanah,1,1,148000000,48000000,18,1,0
Pembeli 353,L,1,4,3,2,2,2,Tanah,0,1,147000000,16000000,18,3,0
Pembeli 354,P,1,0,4,2,4,1,Tanah,1,1,147000000,32000000,18,2,1
Pembeli 355,P,1,0,5,2,4,3,Tanah,0,1,126000000,25000000,18,1,1
Pembeli 356,P,0,,5,2,3,1,Rumah,0,1,241000000,50000000,12,0,1
Pembeli 357,L,1,2,1,5,1,0,Tanah,1,1,113000000,35000000,18,1,0
Pembeli 358,L,1,1,3,4,2,2,Rumah,1,1,182000000,98000000,18,0,1
Pembeli 359,L,1,0,2,5,1,0,Rumah,0,1,214000000,94000000,24,1,0
Pembeli 360,L,1,4,1,5,1,0,Tanah,1,1,117000000,33000000,18,0,0
Pembeli 361,P,0,1,4,2,3,3,Tanah,0,1,100000000,24000000,18,1,1
Pembeli 362,L,1,2,2,5,1,0,Tanah,0,1,145000000,12000000,18,0,0
Pembeli 363,L,1,0,3,4,3,1,Rumah,0,1,233000000,59000000,18,0,1
Pembeli 364,L,1,0,3,1,5,2,Rumah,0,1,240000000,67000000,18,0,1
Pembeli 365,L,0,0,2,1,6,4,Tanah,0,1,134000000,31000000,18,1,1
Pembeli 366,L,0,0,2,5,1,0,Tanah,1,1,120000000,15000000,18,1,0
Pembeli 367,L,0,0,3,2,4,1,Tanah,0,1,133000000,44000000,24,3,1
Pembeli 368,L,0,0,3,2,4,2,Tanah,1,1,125000000,44000000,18,1,1
Pembeli 369,L,1,1,4,1,6,4,Tanah,0,1,132000000,18000000,18,0,1
Pembeli 370,L,1,0,5,2,4,2,Tanah,0,1,130000000,28000000,18,2,1
Pembeli 371,P,0,0,2,5,1,0,Tanah,0,1,131000000,31000000,18,3,0
Pembeli 372,L,1,2,2,5,1,0,Tanah,1,1,101000000,42000000,18,1,0
Pembeli 373,L,1,2,5,2,4,2,Tanah,1,1,142000000,28000000,18,1,1
Pembeli 374,L,0,1,5,2,3,2,Rumah,0,1,250000000,80000000,12,0,1
Pembeli 375,P,0,0,5,2,3,1,Rumah,1,1,186000000,86000000,18,0,1
Pembeli 376,L,1,0,5,1,4,3,Rumah,0,1,199000000,54000000,12,2,1
Pembeli 377,L,1,4,3,3,2,3,Tanah,1,1,119000000,30000000,18,3,0
Pembeli 378,L,1,0,4,3,4,3,Tanah,1,1,130000000,22000000,18,0,1
Pembeli 379,L,0,0,4,4,3,1,Rumah,0,1,239000000,75000000,24,2,1
Pembeli 380,L,1,2,4,4,3,1,Rumah,0,1,189000000,95000000,18,2,1
Pembeli 381,L,1,0,3,4,3,2,Tanah,1,1,125000000,42000000,18,3,1
Pembeli 382,L,0,0,4,4,3,2,Tanah,0,1,122000000,25000000,18,0,1
Pembeli 383,P,0,0,3,2,4,1,Rumah,1,1,213000000,93000000,18,3,1
Pembeli 384,L,0,0,3,4,3,1,Rumah,1,1,199000000,55000000,18,2,1
Pembeli 385,L,1,2,3,4,2,1,Rumah,0,1,184000000,94000000,18,1,0
Pembeli 386,L,0,1,3,1,4,2,Rumah,1,1,221000000,82000000,12,2,1
Pembeli 387,L,0,0,3,3,2,2,Tanah,1,1,132000000,47000000,18,0,0
Pembeli 388,L,1,0,2,5,1,0,Rumah,0,1,220000000,64000000,18,2,0
Pembeli 389,L,1,0,2,5,1,0,Rumah,0,1,221000000,75000000,18,2,0
Pembeli 390,L,1,0,4,2,4,2,Tanah,0,1,113000000,31000000,18,1,1
Pembeli 391,L,0,4,2,5,1,0,Tanah,0,1,127000000,17000000,18,0,0
Pembeli 392,L,1,4,3,4,3,2,Tanah,0,1,103000000,39000000,18,1,1
Pembeli 393,L,1,0,2,5,1,0,Rumah,1,1,212000000,84000000,18,1,0
Pembeli 394,L,1,2,1,5,1,0,Tanah,0,1,110000000,24000000,12,0,0
Pembeli 395,L,1,2,2,1,6,3,Rumah,0,1,245000000,95000000,18,3,1
Pembeli 396,L,1,2,3,4,2,2,Tanah,0,1,141000000,40000000,18,0,0
Pembeli 397,P,0,0,5,4,3,1,Rumah,0,1,192000000,93000000,18,2,1
Pembeli 398,L,1,0,3,3,3,1,Rumah,0,1,187000000,60000000,18,0,1
Pembeli 399,L,0,0,4,3,2,1,Tanah,1,1,117000000,22000000,18,1,0
Pembeli 400,P,0,0,4,2,3,2,Tanah,1,1,150000000,33000000,18,1,1
Pembeli 401,L,1,2,4,3,3,2,Rumah,1,1,217000000,91000000,12,2,1
Pembeli 402,L,0,0,5,4,3,1,Tanah,0,1,100000000,17000000,18,1,1
Pembeli 403,L,0,0,3,3,4,1,Tanah,1,1,105000000,46000000,18,3,1
Pembeli 404,P,0,0,5,4,3,2,Tanah,0,1,119000000,35000000,18,0,1
Pembeli 405,P,0,0,5,4,2,1,Tanah,1,1,114000000,27000000,18,0,0
Pembeli 406,P,0,0,3,1,6,3,Tanah,1,1,141000000,38000000,18,2,1
Pembeli 407,L,1,0,4,4,2,1,Rumah,0,1,191000000,85000000,18,1,0
Pembeli 408,P,0,0,4,3,2,3,Tanah,0,1,141000000,23000000,18,3,0
Pembeli 409,L,1,1,4,4,2,1,Tanah,0,1,141000000,33000000,18,2,0
Pembeli 410,L,1,4,4,4,3,1,Tanah,0,1,129000000,18000000,18,2,1
Pembeli 411,P,0,1,3,1,5,2,Tanah,1,1,123000000,49000000,18,0,1
Pembeli 412,L,1,0,4,2,3,2,Rumah,0,1,204000000,95000000,18,2,1
Pembeli 413,L,1,0,2,5,1,0,Tanah,0,1,124000000,43000000,18,0,0
Pembeli 414,L,1,0,4,4,2,1,Tanah,1,1,135000000,26000000,18,0,0
Pembeli 415,P,1,0,5,4,3,2,Tanah,1,1,117000000,14000000,18,1,1
Pembeli 416,P,0,0,4,3,4,1,Rumah,1,1,181000000,64000000,18,1,1
Pembeli 417,P,0,1,1,5,1,0,Rumah,0,1,187000000,86000000,18,1,0
Pembeli 418,L,1,2,2,5,1,0,Rumah,0,1,227000000,75000000,18,1,0
Pembeli 419,L,1,0,2,1,6,3,Tanah,0,1,123000000,43000000,18,3,1
Pembeli 420,L,1,0,4,3,3,3,Tanah,1,1,143000000,27000000,18,3,1
Pembeli 421,L,1,0,4,3,4,2,Tanah,1,1,122000000,15000000,18,1,1
Pembeli 422,P,0,0,3,2,2,1,Rumah,1,1,226000000,72000000,12,1,0
Pembeli 423,L,1,0,4,2,3,2,Rumah,0,1,212000000,93000000,18,2,1
Pembeli 424,L,1,1,3,3,2,1,Rumah,1,1,225000000,62000000,12,1,0
Pembeli 425,L,1,0,5,4,2,1,Tanah,0,1,122000000,15000000,18,0,0
Pembeli 426,L,1,0,3,3,2,1,Tanah,1,1,149000000,25000000,18,1,0
Pembeli 427,P,0,1,5,2,2,1,Tanah,1,1,138000000,19000000,18,0,0
Pembeli 428,L,1,2,4,1,5,2,Tanah,1,1,112000000,50000000,18,0,1
Pembeli 429,L,1,0,4,4,3,1,Tanah,1,1,142000000,20000000,18,2,1
Pembeli 430,L,0,0,2,5,1,0,Rumah,0,1,184000000,74000000,12,1,0
Pembeli 431,P,0,1,5,2,2,3,Tanah,0,1,128000000,14000000,18,0,0
Pembeli 432,L,0,0,2,5,1,0,Tanah,0,1,102000000,29000000,18,3,0
Pembeli 433,L,0,0,4,3,2,2,Tanah,1,1,110000000,16000000,18,3,0
Pembeli 434,L,1,0,5,1,5,4,Tanah,0,1,133000000,14000000,18,3,1
Pembeli 435,L,0,0,2,1,5,2,Rumah,0,1,204000000,53000000,18,3,1
Pembeli 436,P,,,2,5,1,0,Tanah,1,1,126000000,43000000,12,2,0
Pembeli 437,L,0,0,2,5,1,0,Tanah,0,1,103000000,13000000,18,2,0
Pembeli 438,L,1,0,4,2,3,1,Rumah,1,1,236000000,52000000,18,0,1
Pembeli 439,L,0,0,1,5,1,0,Rumah,1,1,205000000,87000000,18,1,0
Pembeli 440,P,1,0,4,2,3,2,Tanah,1,1,103000000,27000000,18,2,1
Pembeli 441,L,0,0,3,4,3,1,Tanah,1,1,147000000,50000000,18,3,1
Pembeli 442,L,1,0,4,2,4,2,Tanah,1,1,142000000,32000000,18,1,1
Pembeli 443,L,0,4,1,5,1,0,Tanah,0,1,124000000,44000000,18,2,0
Pembeli 444,L,0,1,2,5,1,0,Tanah,1,1,124000000,29000000,18,0,0
Pembeli 445,L,1,0,4,4,2,2,Tanah,1,1,104000000,39000000,18,0,0
Pembeli 446,L,1,1,3,4,3,2,Tanah,1,1,121000000,21000000,18,1,1
Pembeli 447,L,1,2,4,4,3,2,Tanah,0,1,136000000,24000000,18,1,1
Pembeli 448,L,1,0,3,1,3,4,Tanah,0,1,104000000,17000000,18,2,1
Pembeli 449,L,1,2,2,5,1,0,Tanah,0,1,150000000,45000000,18,1,0
Pembeli 450,L,0,1,4,3,2,3,Tanah,0,1,143000000,25000000,18,0,1
Pembeli 451,L,1,2,4,2,2,2,Tanah,1,1,150000000,18000000,18,3,1
Pembeli 452,L,1,2,3,2,2,3,Rumah,0,1,232000000,87000000,18,0,1
Pembeli 453,L,1,0,4,2,3,3,Tanah,1,1,101000000,50000000,18,1,1
Pembeli 454,L,1,0,3,2,4,1,Tanah,0,1,139000000,41000000,12,2,1
Pembeli 455,L,0,0,4,4,3,1,Tanah,0,1,138000000,22000000,18,0,1
Pembeli 456,L,1,2,4,2,2,1,Tanah,1,1,121000000,32000000,18,1,0
Pembeli 457,L,1,0,3,3,2,3,Rumah,1,1,186000000,71000000,18,3,0
Pembeli 458,L,1,0,4,3,3,3,Rumah,0,1,225000000,80000000,18,3,1
Pembeli 459,L,0,2,5,2,4,3,Tanah,1,1,119000000,34000000,18,2,1
Pembeli 460,L,1,0,3,3,2,3,Tanah,0,1,112000000,37000000,18,3,0
Pembeli 461,,1,0,4,3,4,3,Tanah,0,1,115000000,41000000,18,0,1
Pembeli 462,L,1,4,5,2,4,1,Rumah,1,1,191000000,66000000,12,2,1
Pembeli 463,L,1,0,3,1,3,2,Tanah,1,1,121000000,11000000,18,0,1
Pembeli 464,P,0,1,4,1,4,4,Tanah,1,1,137000000,47000000,18,2,1
Pembeli 465,L,0,0,5,1,6,3,Tanah,1,1,133000000,32000000,18,0,1
Pembeli 466,L,0,0,1,5,1,0,Tanah,1,1,143000000,48000000,18,1,0
Pembeli 467,L,1,4,1,5,1,0,Rumah,0,1,238000000,60000000,12,2,0
Pembeli 468,,1,0,3,3,3,2,Tanah,0,1,112000000,42000000,18,1,1
Pembeli 469,P,1,2,5,4,3,2,Tanah,0,1,141000000,22000000,18,3,1
Pembeli 470,L,1,0,1,5,1,0,Rumah,0,1,193000000,71000000,18,2,0
Pembeli 471,L,1,1,4,2,2,3,Tanah,1,1,115000000,48000000,18,2,0
Pembeli 472,L,1,1,3,3,2,3,Tanah,1,1,126000000,20000000,12,1,0
Pembeli 473,L,1,4,5,1,4,3,Tanah,1,1,112000000,25000000,18,3,1
Pembeli 474,P,0,0,2,5,1,0,Rumah,0,1,211000000,77000000,18,3,0
Pembeli 475,L,0,2,5,2,3,3,Tanah,0,1,133000000,10000000,18,2,1
Pembeli 476,L,1,2,3,3,3,2,Tanah,0,1,137000000,18000000,18,2,1
Pembeli 477,L,1,2,5,2,3,3,Tanah,1,1,150000000,12000000,18,1,1
Pembeli 478,,1,2,1,5,1,0,Tanah,0,1,137000000,47000000,18,2,0
Pembeli 479,L,1,1,4,3,4,2,Tanah,1,1,101000000,32000000,18,3,1
Pembeli 480,L,1,2,3,4,3,2,Rumah,1,1,243000000,85000000,18,0,1
Pembeli 481,P,0,0,4,4,3,2,Tanah,0,1,129000000,50000000,18,2,1
Pembeli 482,L,1,4,2,5,1,0,Tanah,0,1,139000000,18000000,18,0,0
Pembeli 483,L,1,0,3,1,4,3,Tanah,1,1,112000000,30000000,18,1,1
Pembeli 484,L,1,0,3,3,3,1,Tanah,1,1,141000000,35000000,18,2,1
Pembeli 485,L,1,2,4,1,6,2,Tanah,1,1,150000000,13000000,18,3,1
Pembeli 486,L,1,1,5,2,3,3,Tanah,1,1,135000000,18000000,18,3,1
Pembeli 487,L,0,2,2,5,1,0,Tanah,1,1,134000000,12000000,18,0,0
Pembeli 488,L,1,1,3,3,4,2,Rumah,1,1,187000000,68000000,18,2,1
Pembeli 489,L,1,2,5,4,3,1,Tanah,1,1,100000000,40000000,18,3,1
Pembeli 490,L,0,0,2,5,1,0,Rumah,1,1,224000000,86000000,18,3,0
Pembeli 491,L,0,0,2,5,1,0,Tanah,0,1,122000000,10000000,18,3,0
Pembeli 492,L,1,1,2,5,1,0,Rumah,0,1,209000000,71000000,18,0,0
Pembeli 493,L,0,0,4,1,5,3,Tanah,1,1,119000000,49000000,18,2,1
Pembeli 494,P,0,0,5,2,2,1,Tanah,0,1,123000000,43000000,18,3,0
Pembeli 495,L,1,0,2,5,1,0,Tanah,1,1,147000000,12000000,18,1,0
Pembeli 496,P,1,1,3,2,3,1,Tanah,0,1,133000000,21000000,12,3,1
Pembeli 497,L,1,0,3,4,2,2,Tanah,0,1,113000000,41000000,18,1,0
Pembeli 498,L,1,0,1,5,1,0,Rumah,0,1,213000000,73000000,12,2,0
Pembeli 499,L,1,1,1,5,1,0,Tanah,0,1,130000000,19000000,18,1,0
Pembeli 500,L,0,0,5,2,3,3,Tanah,1,1,130000000,22000000,18,1,1
Pembeli 501,P,0,0,5,2,4,1,Tanah,1,1,143000000,34000000,24,0,1
Pembeli 502,P,0,0,1,5,1,0,Tanah,0,1,107000000,22000000,18,1,0
Pembeli 503,L,1,2,4,3,4,3,Tanah,1,1,143000000,12000000,18,2,1
Pembeli 504,L,1,1,3,2,4,3,Tanah,0,1,139000000,16000000,18,2,1
Pembeli 505,L,1,0,5,4,3,2,Tanah,1,1,150000000,34000000,18,2,1
Pembeli 506,L,1,2,3,2,2,2,Tanah,1,1,108000000,47000000,18,3,0
Pembeli 507,L,1,0,5,2,3,3,Rumah,1,1,190000000,68000000,18,0,1
Pembeli 508,,0,0,5,2,3,3,Rumah,1,1,188000000,54000000,18,0,1
Pembeli 509,L,1,0,3,4,2,2,Rumah,1,1,188000000,71000000,18,2,0
Pembeli 510,P,0,1,4,1,5,4,Rumah,1,1,211000000,93000000,18,0,1
Pembeli 511,L,0,0,2,5,1,0,Tanah,0,1,125000000,30000000,18,3,0
Pembeli 512,L,1,1,4,2,3,2,Tanah,0,1,139000000,47000000,18,1,1
Pembeli 513,L,1,2,3,3,3,3,Rumah,0,1,205000000,62000000,18,0,1
Pembeli 514,L,1,0,3,3,2,1,Tanah,0,1,129000000,11000000,12,0,0
Pembeli 515,L,0,0,3,4,2,1,Tanah,0,1,111000000,26000000,18,1,0
Pembeli 516,L,1,4,1,5,1,0,Tanah,0,1,143000000,36000000,18,2,0
Pembeli 517,P,1,2,1,5,1,0,Tanah,0,1,140000000,18000000,24,0,0
Pembeli 518,L,1,4,2,5,1,0,Tanah,1,1,104000000,40000000,18,0,0
Pembeli 519,L,0,0,4,3,2,1,Tanah,0,1,100000000,14000000,18,3,0
Pembeli 520,P,0,0,4,4,3,1,Tanah,1,1,127000000,36000000,18,0,1
Pembeli 521,L,1,2,4,1,6,4,Tanah,1,1,136000000,11000000,18,3,1
Pembeli 522,L,0,0,4,1,3,2,Tanah,1,1,105000000,39000000,18,3,1
Pembeli 523,L,1,4,5,4,2,2,Tanah,0,1,136000000,50000000,18,2,0
Pembeli 524,L,1,2,3,3,3,1,Tanah,0,1,139000000,20000000,18,1,1
Pembeli 525,L,0,0,4,3,4,2,Tanah,0,1,100000000,11000000,18,3,1
Pembeli 526,L,1,2,3,2,3,1,Tanah,1,1,125000000,10000000,18,3,1
Pembeli 527,L,1,0,4,2,3,1,Tanah,0,1,128000000,40000000,18,2,1
Pembeli 528,L,1,1,3,4,2,1,Tanah,0,1,104000000,11000000,18,2,0
Pembeli 529,L,0,1,4,1,4,4,Tanah,0,1,109000000,17000000,18,2,1
Pembeli 530,L,0,0,4,3,3,3,Tanah,0,1,100000000,17000000,18,2,1
Pembeli 531,L,1,0,4,2,2,3,Tanah,0,1,142000000,48000000,18,1,0
Pembeli 532,L,1,4,3,4,3,1,Rumah,0,1,186000000,76000000,18,3,1
Pembeli 533,L,0,2,4,1,3,4,Tanah,0,1,102000000,20000000,18,1,1
Pembeli 534,L,0,1,5,2,2,1,Tanah,0,1,119000000,41000000,18,1,0
Pembeli 535,P,0,0,5,2,4,3,Rumah,0,1,211000000,60000000,18,2,1
Pembeli 536,L,0,0,4,3,3,1,Tanah,0,1,145000000,47000000,18,2,1
Pembeli 537,L,1,0,4,2,4,1,Rumah,0,1,214000000,88000000,18,3,1
Pembeli 538,L,0,2,2,1,6,3,Tanah,0,1,139000000,46000000,18,3,1
Pembeli 539,L,1,0,4,2,3,3,Tanah,0,1,141000000,46000000,18,3,1
Pembeli 540,L,1,4,5,2,2,3,Tanah,1,1,147000000,16000000,12,1,0
Pembeli 541,P,1,1,3,1,3,3,Tanah,0,1,111000000,36000000,12,1,1
Pembeli 542,P,0,0,5,1,6,4,Tanah,0,1,101000000,33000000,18,3,1
Pembeli 543,P,0,1,3,3,2,1,Tanah,1,1,115000000,28000000,18,0,0
Pembeli 544,L,1,1,1,5,1,0,Rumah,0,1,230000000,80000000,18,1,0
Pembeli 545,P,1,0,3,1,3,2,Tanah,1,1,127000000,33000000,18,2,1
Pembeli 546,L,1,0,2,5,1,0,Tanah,1,1,119000000,43000000,18,3,0
Pembeli 547,L,0,0,1,5,1,0,Tanah,0,1,145000000,12000000,18,2,0
Pembeli 548,L,0,0,3,2,3,1,Tanah,0,1,135000000,40000000,18,0,1
Pembeli 549,P,0,0,1,5,1,0,Tanah,1,1,149000000,12000000,18,3,0
Pembeli 550,L,1,0,4,4,2,2,Tanah,1,1,121000000,38000000,18,0,0
Pembeli 551,L,1,2,4,3,2,1,Tanah,1,1,101000000,31000000,18,2,0
Pembeli 552,L,1,1,3,1,5,4,Tanah,1,1,134000000,28000000,18,3,1
Pembeli 553,L,1,1,4,2,3,1,Rumah,1,1,223000000,60000000,18,1,1
Pembeli 554,L,1,0,1,5,1,0,Rumah,1,1,245000000,100000000,18,0,0
Pembeli 555,L,1,0,2,1,5,3,Tanah,0,1,101000000,45000000,12,3,1
Pembeli 556,L,1,1,2,5,1,0,Tanah,1,1,145000000,27000000,18,3,0
Pembeli 557,P,0,0,2,5,1,0,Rumah,0,1,215000000,54000000,18,1,0
Pembeli 558,L,1,4,3,4,3,2,Tanah,0,1,150000000,31000000,18,2,1
Pembeli 559,L,1,0,4,3,4,1,Tanah,1,1,100000000,50000000,18,2,1
Pembeli 560,P,1,0,5,2,3,2,Tanah,1,1,111000000,26000000,18,2,1
Pembeli 561,L,1,2,5,4,3,2,Tanah,0,1,150000000,16000000,18,2,1
Pembeli 562,P,1,1,4,3,3,1,Tanah,1,1,140000000,16000000,18,1,1
Pembeli 563,L,1,0,3,1,6,2,Tanah,0,1,120000000,17000000,18,2,1
Pembeli 564,L,0,0,3,3,2,2,Tanah,1,1,106000000,25000000,18,2,0
Pembeli 565,L,1,2,2,1,3,3,Rumah,0,1,236000000,90000000,18,1,1
Pembeli 566,L,1,0,3,2,4,3,Tanah,1,1,106000000,25000000,18,0,1
Pembeli 567,L,0,0,5,1,6,4,Rumah,0,1,232000000,75000000,18,0,1
Pembeli 568,L,1,4,2,1,4,2,Tanah,0,1,106000000,37000000,18,3,1
Pembeli 569,P,0,0,4,2,2,2,Rumah,1,1,213000000,84000000,18,3,0
Pembeli 570,L,1,0,5,4,3,1,Rumah,0,1,232000000,86000000,18,1,1
Pembeli 571,L,1,1,3,1,4,2,Rumah,1,1,233000000,54000000,18,1,1
Pembeli 572,L,1,2,5,1,5,2,Rumah,1,1,225000000,69000000,18,0,1
Pembeli 573,L,1,2,3,4,2,2,Rumah,0,1,237000000,65000000,18,0,0
Pembeli 574,L,1,2,2,5,1,0,Tanah,1,1,145000000,16000000,24,0,0
Pembeli 575,L,1,4,5,1,3,2,Tanah,0,1,149000000,50000000,18,2,1
Pembeli 576,L,1,2,5,4,2,2,Rumah,1,1,204000000,95000000,12,0,0
Pembeli 577,,1,0,5,1,3,4,Tanah,0,1,114000000,16000000,18,3,1
Pembeli 578,L,0,0,4,4,2,1,Rumah,0,1,208000000,59000000,18,2,1
Pembeli 579,L,1,1,5,1,4,4,Tanah,1,1,130000000,27000000,18,2,1
Pembeli 580,L,0,0,3,2,3,1,Rumah,0,1,203000000,76000000,18,2,1
Pembeli 581,L,1,2,4,2,4,3,Tanah,0,1,145000000,44000000,18,2,1
Pembeli 582,L,0,0,1,5,1,0,Rumah,1,1,228000000,93000000,18,2,0
Pembeli 583,P,1,0,4,3,4,1,Tanah,0,1,138000000,31000000,18,1,1
Pembeli 584,L,1,1,3,3,2,1,Tanah,1,1,147000000,17000000,18,1,0
Pembeli 585,L,1,1,4,4,2,1,Tanah,1,1,150000000,40000000,18,3,0
Pembeli 586,L,1,1,4,4,3,2,Tanah,1,1,142000000,47000000,12,0,0
Pembeli 587,L,1,0,3,3,4,3,Rumah,1,1,207000000,58000000,18,2,1
Pembeli 588,P,0,0,4,1,3,2,Tanah,0,1,118000000,27000000,18,3,1
Pembeli 589,P,0,0,3,2,3,1,Tanah,0,1,102000000,43000000,18,2,1
Pembeli 590,L,1,2,1,5,1,0,Tanah,1,1,134000000,14000000,18,2,0
Pembeli 591,L,1,0,5,1,3,3,Tanah,0,1,116000000,13000000,12,2,1
Pembeli 592,L,1,2,2,1,3,2,Tanah,0,1,144000000,14000000,12,2,1
Pembeli 593,P,0,0,4,1,3,2,Tanah,1,1,127000000,36000000,18,3,1
Pembeli 594,L,1,0,4,1,6,2,Tanah,0,1,129000000,48000000,12,1,1
Pembeli 595,L,1,0,5,1,4,3,Rumah,0,1,181000000,73000000,18,1,1
Pembeli 596,L,0,0,3,3,2,1,Tanah,1,1,143000000,17000000,18,3,0
Pembeli 597,L,1,2,1,5,1,0,Tanah,1,1,122000000,35000000,18,3,0
Pembeli 598,L,0,0,3,4,3,1,Tanah,1,1,112000000,40000000,18,1,1
Pembeli 599,L,1,0,4,3,4,3,Tanah,0,1,127000000,21000000,18,3,1
Pembeli 600,L,1,2,5,2,3,1,Rumah,1,1,224000000,72000000,18,1,1